[
  {
    "line": 3,
    "elements": [
      {
        "line": 7,
        "name": "Validate the custom view",
        "description": "",
        "id": "validate-different-options;validate-the-custom-view",
        "type": "scenario",
        "keyword": "Scenario",
        "steps": [
          {
            "result": {
              "duration": 9788971300,
              "status": "passed"
            },
            "line": 8,
            "name": "I open application",
            "match": {
              "location": "customview.i_open_application()"
            },
            "keyword": "Given "
          },
          {
            "result": {
              "duration": 1942450800,
              "status": "passed"
            },
            "line": 9,
            "name": "I tap on Accessiblity",
            "match": {
              "location": "customview.i_tap_on_Accessiblity()"
            },
            "keyword": "When "
          },
          {
            "result": {
              "duration": 1196486900,
              "status": "passed"
            },
            "line": 10,
            "name": "I validate custom view",
            "match": {
              "location": "customview.i_validate_custom_view()"
            },
            "keyword": "Then "
          }
        ],
        "tags": [
          {
            "line": 6,
            "name": "@tag8"
          }
        ]
      }
    ],
    "name": "Validate different options",
    "description": "",
    "id": "validate-different-options",
    "keyword": "Feature",
    "uri": "customview.feature"
  },
  {
    "line": 2,
    "elements": [
      {
        "line": 6,
        "name": "Validate DisplayShowtitle option",
        "description": "",
        "id": "validate-display-options;validate-displayshowtitle-option",
        "type": "scenario",
        "keyword": "Scenario",
        "steps": [
          {
            "result": {
              "duration": 9912779800,
              "status": "passed"
            },
            "line": 7,
            "name": "I open the application",
            "match": {
              "location": "hidingshowingbuttons.i_open_the_application()"
            },
            "keyword": "Given "
          },
          {
            "result": {
              "duration": 11860045400,
              "status": "passed"
            },
            "line": 8,
            "name": "I tap on App",
            "match": {
              "location": "displaytitle.i_tap_on_App()"
            },
            "keyword": "When "
          },
          {
            "result": {
              "duration": 1312487200,
              "status": "passed"
            },
            "line": 9,
            "name": "I tap on Action Bar",
            "match": {
              "location": "displaytitle.i_tap_on_Action_Bar()"
            },
            "keyword": "When "
          },
          {
            "result": {
              "duration": 1272758400,
              "status": "passed"
            },
            "line": 10,
            "name": "I tap on Display options",
            "match": {
              "location": "displaytitle.i_tap_on_Display_opstions()"
            },
            "keyword": "Then "
          },
          {
            "result": {
              "duration": 68674300,
              "status": "passed"
            },
            "line": 11,
            "name": "I tap on Display show title",
            "match": {
              "location": "displaytitle.i_tap_on_Display_show_title()"
            },
            "keyword": "Then "
          }
        ],
        "tags": [
          {
            "line": 5,
            "name": "@tag3"
          }
        ]
      }
    ],
    "name": "Validate display options",
    "description": "",
    "id": "validate-display-options",
    "keyword": "Feature",
    "uri": "displaytitle.feature"
  },
  {
    "line": 2,
    "elements": [
      {
        "line": 6,
        "name": "Validate Hiding of buttons",
        "description": "",
        "id": "validate-different-opstions;validate-hiding-of-buttons",
        "type": "scenario",
        "keyword": "Scenario",
        "steps": [
          {
            "result": {
              "duration": 10211709800,
              "status": "passed"
            },
            "line": 7,
            "name": "I open the application",
            "match": {
              "location": "hidingshowingbuttons.i_open_the_application()"
            },
            "keyword": "Given "
          },
          {
            "result": {
              "duration": 625181200,
              "status": "passed"
            },
            "line": 8,
            "name": "I tap on Animation",
            "match": {
              "location": "hidingshowingbuttons.i_tap_on_Animation()"
            },
            "keyword": "When "
          },
          {
            "result": {
              "duration": 2617949300,
              "status": "passed"
            },
            "line": 9,
            "name": "I tap on Hide-Show Animations",
            "match": {
              "location": "hidingshowingbuttons.i_tap_on_Hide_Show_Animations()"
            },
            "keyword": "When "
          },
          {
            "result": {
              "duration": 221844600,
              "status": "passed"
            },
            "line": 10,
            "name": "I validate the hiding of buttons",
            "match": {
              "location": "hidingshowingbuttons.i_validate_the_hiding_of_buttons()"
            },
            "keyword": "Then "
          }
        ],
        "tags": [
          {
            "line": 5,
            "name": "@tag1"
          }
        ]
      }
    ],
    "name": "Validate different opstions",
    "description": "",
    "id": "validate-different-opstions",
    "keyword": "Feature",
    "uri": "hidingbuttons.feature"
  },
  {
    "line": 3,
    "elements": [
      {
        "line": 7,
        "name": "Validate showing of buttons",
        "description": "",
        "id": "validate-showing-of-buttons;validate-showing-of-buttons",
        "type": "scenario",
        "keyword": "Scenario",
        "steps": [
          {
            "result": {
              "duration": 10015720100,
              "status": "passed"
            },
            "line": 8,
            "name": "I open the application",
            "match": {
              "location": "hidingshowingbuttons.i_open_the_application()"
            },
            "keyword": "Given "
          },
          {
            "result": {
              "duration": 1880369700,
              "status": "passed"
            },
            "line": 9,
            "name": "I tap on Animation",
            "match": {
              "location": "hidingshowingbuttons.i_tap_on_Animation()"
            },
            "keyword": "When "
          },
          {
            "result": {
              "duration": 1304258100,
              "status": "passed"
            },
            "line": 10,
            "name": "I tap on Hide-Show Animations",
            "match": {
              "location": "hidingshowingbuttons.i_tap_on_Hide_Show_Animations()"
            },
            "keyword": "When "
          },
          {
            "result": {
              "duration": 100769700,
              "status": "passed"
            },
            "line": 11,
            "name": "I tap on first button",
            "match": {
              "location": "hidingshowingbuttons.i_tap_on_first_button()"
            },
            "keyword": "When "
          },
          {
            "result": {
              "duration": 88973300,
              "status": "passed"
            },
            "line": 12,
            "name": "I validate the showing of buttons",
            "match": {
              "location": "hidingshowingbuttons.i_validate_the_showing_of_buttons()"
            },
            "keyword": "Then "
          }
        ],
        "tags": [
          {
            "line": 6,
            "name": "@tag2"
          }
        ]
      }
    ],
    "name": "Validate showing of buttons",
    "description": "",
    "id": "validate-showing-of-buttons",
    "keyword": "Feature",
    "uri": "showbuttons.feature"
  },
  {
    "line": 2,
    "elements": [
      {
        "line": 15,
        "name": "send sms message",
        "description": "",
        "id": "verify-sms-messaging;send-sms-message;;2",
        "type": "scenario",
        "keyword": "Scenario Outline",
        "steps": [
          {
            "result": {
              "duration": 10169750400,
              "status": "passed"
            },
            "line": 7,
            "name": "Launch APIDemos.apk on the device.",
            "match": {
              "location": "smsmessage.launch_APIDemos_apk_on_the_device()"
            },
            "keyword": "Given "
          },
          {
            "result": {
              "duration": 1845944600,
              "status": "passed"
            },
            "line": 8,
            "name": "Tap on OS.",
            "match": {
              "location": "smsmessage.tap_on_OS()"
            },
            "keyword": "Then "
          },
          {
            "result": {
              "duration": 1409238100,
              "status": "passed"
            },
            "line": 9,
            "name": "Tap on SMS Messaging",
            "match": {
              "location": "smsmessage.tap_on_SMS_Messaging()"
            },
            "keyword": "Then "
          },
          {
            "result": {
              "duration": 169159000,
              "status": "passed"
            },
            "line": 10,
            "name": "Enter the number \"9616561186\"",
            "match": {
              "arguments": [
                {
                  "val": "9616561186",
                  "offset": 18
                }
              ],
              "location": "smsmessage.enter_the_number(String)"
            },
            "matchedColumns": [
              0
            ],
            "keyword": "Then "
          },
          {
            "result": {
              "duration": 657396500,
              "status": "passed"
            },
            "line": 11,
            "name": "Enter the message \"hello\"",
            "match": {
              "arguments": [
                {
                  "val": "hello",
                  "offset": 19
                }
              ],
              "location": "smsmessage.enter_the_message(String)"
            },
            "matchedColumns": [
              1
            ],
            "keyword": "Then "
          },
          {
            "result": {
              "duration": 567594200,
              "status": "passed"
            },
            "line": 12,
            "name": "click on send",
            "match": {
              "location": "smsmessage.click_on_send()"
            },
            "keyword": "Then "
          }
        ],
        "tags": [
          {
            "line": 5,
            "name": "@tag6"
          }
        ]
      }
    ],
    "name": "Verify sms messaging",
    "description": "",
    "id": "verify-sms-messaging",
    "keyword": "Feature",
    "uri": "smsmessage.feature"
  }
]